Top pages,Impressions
https://broadbandpicker.co.uk/guides/best-broadband-and-tv-deals,1295
https://broadbandpicker.co.uk/guides/best-full-fibre-broadband-uk,512
https://broadbandpicker.co.uk/postcode/london,161
https://broadbandpicker.co.uk/guides/best-business-broadband-providers-uk,142
https://broadbandpicker.co.uk/guides/cheapest-broadband-uk,130
https://broadbandpicker.co.uk/providers/compare/ee-vs-talktalk,38
https://broadbandpicker.co.uk/guides/best-5g-home-broadband-uk,30
https://broadbandpicker.co.uk/postcode/da1,23
https://broadbandpicker.co.uk/guides/satellite-broadband-uk,21
https://broadbandpicker.co.uk/postcode/e1,20
https://broadbandpicker.co.uk/postcode/ha1,16
https://broadbandpicker.co.uk/,15
https://broadbandpicker.co.uk/postcode/nw1,15
https://broadbandpicker.co.uk/guides/best-phone-and-broadband-deals,14
https://broadbandpicker.co.uk/how-we-make-money,13
https://broadbandpicker.co.uk/postcode/se1,12
https://broadbandpicker.co.uk/postcode/w5,12
https://broadbandpicker.co.uk/postcode,11
https://broadbandpicker.co.uk/postcode/edinburgh,11
https://broadbandpicker.co.uk/postcode/gu1,9
https://broadbandpicker.co.uk/postcode/rm1,9
https://broadbandpicker.co.uk/providers/sky/deals,9
https://broadbandpicker.co.uk/postcode/bn1,8
https://broadbandpicker.co.uk/postcode/so14,8
https://broadbandpicker.co.uk/providers/ee,8
https://broadbandpicker.co.uk/guides/broadband-deals-with-no-setup-fee,7
https://broadbandpicker.co.uk/postcode/liverpool,7
https://broadbandpicker.co.uk/postcode/m14,7
https://broadbandpicker.co.uk/guides/best-broadband-for-working-from-home,6
https://broadbandpicker.co.uk/postcode/ct1,6
https://broadbandpicker.co.uk/postcode/ls2,6
https://broadbandpicker.co.uk/postcode/lu1,6
https://broadbandpicker.co.uk/postcode/ub1,5
https://broadbandpicker.co.uk/providers/vodafone,5
https://broadbandpicker.co.uk/postcode/l8,4
https://broadbandpicker.co.uk/postcode/rg1,4
https://broadbandpicker.co.uk/postcode/sw1,4
https://broadbandpicker.co.uk/providers/now-broadband,4
https://broadbandpicker.co.uk/providers/sky,4
https://broadbandpicker.co.uk/guides/static-ip-business-broadband-explained,3
https://broadbandpicker.co.uk/postcode/b1,3
https://broadbandpicker.co.uk/postcode/bs3,3
https://broadbandpicker.co.uk/postcode/cv1,3
https://broadbandpicker.co.uk/postcode/en1,3
https://broadbandpicker.co.uk/postcode/m1,3
https://broadbandpicker.co.uk/postcode/ne1,3
https://broadbandpicker.co.uk/providers/bt/deals,3
https://broadbandpicker.co.uk/providers/zen-internet,3
https://broadbandpicker.co.uk/speed-test,3
https://broadbandpicker.co.uk/guides/starlink-vs-fibre-broadband-uk,2
https://broadbandpicker.co.uk/postcode/g1,2
https://broadbandpicker.co.uk/postcode/m4,2
https://broadbandpicker.co.uk/postcode/ng1,2
https://broadbandpicker.co.uk/providers,2
https://broadbandpicker.co.uk/providers/ee/deals,2
https://broadbandpicker.co.uk/guides/broadband-deals-with-cashback,1
https://broadbandpicker.co.uk/guides/broadband-speeds-explained,1
https://broadbandpicker.co.uk/guides/fttp-vs-fttc-explained,1
https://broadbandpicker.co.uk/guides/student-broadband-by-university-city,1
https://broadbandpicker.co.uk/postcode/l1,1
https://broadbandpicker.co.uk/postcode/w1,1
https://broadbandpicker.co.uk/providers/bt,1